document_nid,filename,fid,uri,download_url,local_path
36271396,2026년 5월 업무추진비 집행내역 공개.xlsx,236924,/sites/default/files/expense_new/202606/236924.xlsx,https://opengov.seoul.go.kr/og/com/download.php?nid=36271396&dtype=basic&rid=&fid=236924&uri=%2Fsites%2Fdefault%2Ffiles%2Fexpense_new%2F202606%2F236924.xlsx&dname=2026%EB%85%84+5%EC%9B%94+%EC%97%85%EB%AC%B4%EC%B6%94%EC%A7%84%EB%B9%84+%EC%A7%91%ED%96%89%EB%82%B4%EC%97%AD+%EA%B3%B5%EA%B0%9C.xlsx,data/raw_attachments/202605_36271396_236924_2026년_5월_업무추진비_집행내역_공개.xlsx
36044953,2026년 4월 업무추진비 집행내역 공개.xlsx,235739,/sites/default/files/expense_new/202605/235739.xlsx,https://opengov.seoul.go.kr/og/com/download.php?nid=36044953&dtype=basic&rid=&fid=235739&uri=%2Fsites%2Fdefault%2Ffiles%2Fexpense_new%2F202605%2F235739.xlsx&dname=2026%EB%85%84+4%EC%9B%94+%EC%97%85%EB%AC%B4%EC%B6%94%EC%A7%84%EB%B9%84+%EC%A7%91%ED%96%89%EB%82%B4%EC%97%AD+%EA%B3%B5%EA%B0%9C.xlsx,data/raw_attachments/202604_36044953_235739_2026년_4월_업무추진비_집행내역_공개.xlsx
35845475,2026년 3월 업무추진비 집행내역 공개.xlsx,234574,/sites/default/files/expense_new/202604/234574.xlsx,https://opengov.seoul.go.kr/og/com/download.php?nid=35845475&dtype=basic&rid=&fid=234574&uri=%2Fsites%2Fdefault%2Ffiles%2Fexpense_new%2F202604%2F234574.xlsx&dname=2026%EB%85%84+3%EC%9B%94+%EC%97%85%EB%AC%B4%EC%B6%94%EC%A7%84%EB%B9%84+%EC%A7%91%ED%96%89%EB%82%B4%EC%97%AD+%EA%B3%B5%EA%B0%9C.xlsx,data/raw_attachments/202603_35845475_234574_2026년_3월_업무추진비_집행내역_공개.xlsx
35595091,2026년 2월 업무추진비 집행내역 공개.xlsx,233619,/sites/default/files/expense_new/202603/233619.xlsx,https://opengov.seoul.go.kr/og/com/download.php?nid=35595091&dtype=basic&rid=&fid=233619&uri=%2Fsites%2Fdefault%2Ffiles%2Fexpense_new%2F202603%2F233619.xlsx&dname=2026%EB%85%84+2%EC%9B%94+%EC%97%85%EB%AC%B4%EC%B6%94%EC%A7%84%EB%B9%84+%EC%A7%91%ED%96%89%EB%82%B4%EC%97%AD+%EA%B3%B5%EA%B0%9C.xlsx,data/raw_attachments/202602_35595091_233619_2026년_2월_업무추진비_집행내역_공개.xlsx
35434661,2026년 1월 업무추진비 집행내역 공개.xlsx,232605,/sites/default/files/expense_new/202602/232605.xlsx,https://opengov.seoul.go.kr/og/com/download.php?nid=35434661&dtype=basic&rid=&fid=232605&uri=%2Fsites%2Fdefault%2Ffiles%2Fexpense_new%2F202602%2F232605.xlsx&dname=2026%EB%85%84+1%EC%9B%94+%EC%97%85%EB%AC%B4%EC%B6%94%EC%A7%84%EB%B9%84+%EC%A7%91%ED%96%89%EB%82%B4%EC%97%AD+%EA%B3%B5%EA%B0%9C.xlsx,data/raw_attachments/202601_35434661_232605_2026년_1월_업무추진비_집행내역_공개.xlsx
35175495,2025년 12월 업무추진비 집행내역 공개.xlsx,230848,/sites/default/files/expense_new/202601/230848.xlsx,https://opengov.seoul.go.kr/og/com/download.php?nid=35175495&dtype=basic&rid=&fid=230848&uri=%2Fsites%2Fdefault%2Ffiles%2Fexpense_new%2F202601%2F230848.xlsx&dname=2025%EB%85%84+12%EC%9B%94+%EC%97%85%EB%AC%B4%EC%B6%94%EC%A7%84%EB%B9%84+%EC%A7%91%ED%96%89%EB%82%B4%EC%97%AD+%EA%B3%B5%EA%B0%9C.xlsx,data/raw_attachments/202512_35175495_230848_2025년_12월_업무추진비_집행내역_공개.xlsx
34939673,2025년 11월 업무추진비 집행내역 공개.xlsx,230120,/sites/default/files/expense_new/202512/230120.xlsx,https://opengov.seoul.go.kr/og/com/download.php?nid=34939673&dtype=basic&rid=&fid=230120&uri=%2Fsites%2Fdefault%2Ffiles%2Fexpense_new%2F202512%2F230120.xlsx&dname=2025%EB%85%84+11%EC%9B%94+%EC%97%85%EB%AC%B4%EC%B6%94%EC%A7%84%EB%B9%84+%EC%A7%91%ED%96%89%EB%82%B4%EC%97%AD+%EA%B3%B5%EA%B0%9C.xlsx,data/raw_attachments/202511_34939673_230120_2025년_11월_업무추진비_집행내역_공개.xlsx
34711204,2025년 10월 업무추진비 집행내역 공개.xlsx,229206,/sites/default/files/expense_new/202511/229206.xlsx,https://opengov.seoul.go.kr/og/com/download.php?nid=34711204&dtype=basic&rid=&fid=229206&uri=%2Fsites%2Fdefault%2Ffiles%2Fexpense_new%2F202511%2F229206.xlsx&dname=2025%EB%85%84+10%EC%9B%94+%EC%97%85%EB%AC%B4%EC%B6%94%EC%A7%84%EB%B9%84+%EC%A7%91%ED%96%89%EB%82%B4%EC%97%AD+%EA%B3%B5%EA%B0%9C.xlsx,data/raw_attachments/202510_34711204_229206_2025년_10월_업무추진비_집행내역_공개.xlsx
34483985,2025년 9월 업무추진비 집행내역 공개.xlsx,228236,/sites/default/files/expense_new/202510/228236.xlsx,https://opengov.seoul.go.kr/og/com/download.php?nid=34483985&dtype=basic&rid=&fid=228236&uri=%2Fsites%2Fdefault%2Ffiles%2Fexpense_new%2F202510%2F228236.xlsx&dname=2025%EB%85%84+9%EC%9B%94+%EC%97%85%EB%AC%B4%EC%B6%94%EC%A7%84%EB%B9%84+%EC%A7%91%ED%96%89%EB%82%B4%EC%97%AD+%EA%B3%B5%EA%B0%9C.xlsx,data/raw_attachments/202509_34483985_228236_2025년_9월_업무추진비_집행내역_공개.xlsx
34299595,2025년 8월 업무추진비 집행내역 공개.xlsx,227326,/sites/default/files/expense_new/202509/227326.xlsx,https://opengov.seoul.go.kr/og/com/download.php?nid=34299595&dtype=basic&rid=&fid=227326&uri=%2Fsites%2Fdefault%2Ffiles%2Fexpense_new%2F202509%2F227326.xlsx&dname=2025%EB%85%84+8%EC%9B%94+%EC%97%85%EB%AC%B4%EC%B6%94%EC%A7%84%EB%B9%84+%EC%A7%91%ED%96%89%EB%82%B4%EC%97%AD+%EA%B3%B5%EA%B0%9C.xlsx,data/raw_attachments/202508_34299595_227326_2025년_8월_업무추진비_집행내역_공개.xlsx
34077501,2025년 7월 업무추진비 집행내역 공개.xlsx,226264,/sites/default/files/expense_new/202508/226264.xlsx,https://opengov.seoul.go.kr/og/com/download.php?nid=34077501&dtype=basic&rid=&fid=226264&uri=%2Fsites%2Fdefault%2Ffiles%2Fexpense_new%2F202508%2F226264.xlsx&dname=2025%EB%85%84+7%EC%9B%94+%EC%97%85%EB%AC%B4%EC%B6%94%EC%A7%84%EB%B9%84+%EC%A7%91%ED%96%89%EB%82%B4%EC%97%AD+%EA%B3%B5%EA%B0%9C.xlsx,data/raw_attachments/202507_34077501_226264_2025년_7월_업무추진비_집행내역_공개.xlsx
33857935,2025년 6월 업무추진비 집행내역 공개.xlsx,225224,/sites/default/files/expense_new/202507/225224.xlsx,https://opengov.seoul.go.kr/og/com/download.php?nid=33857935&dtype=basic&rid=&fid=225224&uri=%2Fsites%2Fdefault%2Ffiles%2Fexpense_new%2F202507%2F225224.xlsx&dname=2025%EB%85%84+6%EC%9B%94+%EC%97%85%EB%AC%B4%EC%B6%94%EC%A7%84%EB%B9%84+%EC%A7%91%ED%96%89%EB%82%B4%EC%97%AD+%EA%B3%B5%EA%B0%9C.xlsx,data/raw_attachments/202506_33857935_225224_2025년_6월_업무추진비_집행내역_공개.xlsx
33624112,2025년 5월 업무추진비 집행내역 공개.xlsx,224354,/sites/default/files/expense_new/202506/224354.xlsx,https://opengov.seoul.go.kr/og/com/download.php?nid=33624112&dtype=basic&rid=&fid=224354&uri=%2Fsites%2Fdefault%2Ffiles%2Fexpense_new%2F202506%2F224354.xlsx&dname=2025%EB%85%84+5%EC%9B%94+%EC%97%85%EB%AC%B4%EC%B6%94%EC%A7%84%EB%B9%84+%EC%A7%91%ED%96%89%EB%82%B4%EC%97%AD+%EA%B3%B5%EA%B0%9C.xlsx,data/raw_attachments/202505_33624112_224354_2025년_5월_업무추진비_집행내역_공개.xlsx
33429127,2025년 4월 업무추진비 집행내역 공개.xlsx,223529,/sites/default/files/expense_new/202505/223529.xlsx,https://opengov.seoul.go.kr/og/com/download.php?nid=33429127&dtype=basic&rid=&fid=223529&uri=%2Fsites%2Fdefault%2Ffiles%2Fexpense_new%2F202505%2F223529.xlsx&dname=2025%EB%85%84+4%EC%9B%94+%EC%97%85%EB%AC%B4%EC%B6%94%EC%A7%84%EB%B9%84+%EC%A7%91%ED%96%89%EB%82%B4%EC%97%AD+%EA%B3%B5%EA%B0%9C.xlsx,data/raw_attachments/202504_33429127_223529_2025년_4월_업무추진비_집행내역_공개.xlsx
33153767,2025년 3월 업무추진비 집행내역 공개.xlsx,222687,/sites/default/files/expense_new/202504/222687.xlsx,https://opengov.seoul.go.kr/og/com/download.php?nid=33153767&dtype=basic&rid=&fid=222687&uri=%2Fsites%2Fdefault%2Ffiles%2Fexpense_new%2F202504%2F222687.xlsx&dname=2025%EB%85%84+3%EC%9B%94+%EC%97%85%EB%AC%B4%EC%B6%94%EC%A7%84%EB%B9%84+%EC%A7%91%ED%96%89%EB%82%B4%EC%97%AD+%EA%B3%B5%EA%B0%9C.xlsx,data/raw_attachments/202503_33153767_222687_2025년_3월_업무추진비_집행내역_공개.xlsx
32985423,2025년 2월 업무추진비 집행내역 공개.xlsx,221531,/sites/default/files/expense_new/202503/221531.xlsx,https://opengov.seoul.go.kr/og/com/download.php?nid=32985423&dtype=basic&rid=&fid=221531&uri=%2Fsites%2Fdefault%2Ffiles%2Fexpense_new%2F202503%2F221531.xlsx&dname=2025%EB%85%84+2%EC%9B%94+%EC%97%85%EB%AC%B4%EC%B6%94%EC%A7%84%EB%B9%84+%EC%A7%91%ED%96%89%EB%82%B4%EC%97%AD+%EA%B3%B5%EA%B0%9C.xlsx,data/raw_attachments/202502_32985423_221531_2025년_2월_업무추진비_집행내역_공개.xlsx
32793654,2025년 1월 업무추진비 집행내역 공개.xlsx,220557,/sites/default/files/expense_new/202502/220557.xlsx,https://opengov.seoul.go.kr/og/com/download.php?nid=32793654&dtype=basic&rid=&fid=220557&uri=%2Fsites%2Fdefault%2Ffiles%2Fexpense_new%2F202502%2F220557.xlsx&dname=2025%EB%85%84+1%EC%9B%94+%EC%97%85%EB%AC%B4%EC%B6%94%EC%A7%84%EB%B9%84+%EC%A7%91%ED%96%89%EB%82%B4%EC%97%AD+%EA%B3%B5%EA%B0%9C.xlsx,data/raw_attachments/202501_32793654_220557_2025년_1월_업무추진비_집행내역_공개.xlsx
32608445,2024년 12월 업무추진비 집행내역 공개.xlsx,219310,/sites/default/files/expense_new/202501/219310.xlsx,https://opengov.seoul.go.kr/og/com/download.php?nid=32608445&dtype=basic&rid=&fid=219310&uri=%2Fsites%2Fdefault%2Ffiles%2Fexpense_new%2F202501%2F219310.xlsx&dname=2024%EB%85%84+12%EC%9B%94+%EC%97%85%EB%AC%B4%EC%B6%94%EC%A7%84%EB%B9%84+%EC%A7%91%ED%96%89%EB%82%B4%EC%97%AD+%EA%B3%B5%EA%B0%9C.xlsx,data/raw_attachments/202412_32608445_219310_2024년_12월_업무추진비_집행내역_공개.xlsx
32377535,2024년 11월 업무추진비 집행내역 공개.xlsx,218343,/sites/default/files/expense_new/202412/218343.xlsx,https://opengov.seoul.go.kr/og/com/download.php?nid=32377535&dtype=basic&rid=&fid=218343&uri=%2Fsites%2Fdefault%2Ffiles%2Fexpense_new%2F202412%2F218343.xlsx&dname=2024%EB%85%84+11%EC%9B%94+%EC%97%85%EB%AC%B4%EC%B6%94%EC%A7%84%EB%B9%84+%EC%A7%91%ED%96%89%EB%82%B4%EC%97%AD+%EA%B3%B5%EA%B0%9C.xlsx,data/raw_attachments/202411_32377535_218343_2024년_11월_업무추진비_집행내역_공개.xlsx
32164599,2024년 10월 업무추진비 집행내역 공개_재수정.xlsx,217619,/sites/default/files/expense_new/202411/217619.xlsx,https://opengov.seoul.go.kr/og/com/download.php?nid=32164599&dtype=basic&rid=&fid=217619&uri=%2Fsites%2Fdefault%2Ffiles%2Fexpense_new%2F202411%2F217619.xlsx&dname=2024%EB%85%84+10%EC%9B%94+%EC%97%85%EB%AC%B4%EC%B6%94%EC%A7%84%EB%B9%84+%EC%A7%91%ED%96%89%EB%82%B4%EC%97%AD+%EA%B3%B5%EA%B0%9C_%EC%9E%AC%EC%88%98%EC%A0%95.xlsx,data/raw_attachments/202410_32164599_217619_2024년_10월_업무추진비_집행내역_공개_재수정.xlsx
31934816,2024년 9월 업무추진비 집행내역 공개.xlsx,216426,/sites/default/files/expense_new/202410/216426.xlsx,https://opengov.seoul.go.kr/og/com/download.php?nid=31934816&dtype=basic&rid=&fid=216426&uri=%2Fsites%2Fdefault%2Ffiles%2Fexpense_new%2F202410%2F216426.xlsx&dname=2024%EB%85%84+9%EC%9B%94+%EC%97%85%EB%AC%B4%EC%B6%94%EC%A7%84%EB%B9%84+%EC%A7%91%ED%96%89%EB%82%B4%EC%97%AD+%EA%B3%B5%EA%B0%9C.xlsx,data/raw_attachments/202409_31934816_216426_2024년_9월_업무추진비_집행내역_공개.xlsx
31745785,2024년 8월 업무추진비 집행내역 공개.xlsx,215901,/sites/default/files/expense_new/202409/215901.xlsx,https://opengov.seoul.go.kr/og/com/download.php?nid=31745785&dtype=basic&rid=&fid=215901&uri=%2Fsites%2Fdefault%2Ffiles%2Fexpense_new%2F202409%2F215901.xlsx&dname=2024%EB%85%84+8%EC%9B%94+%EC%97%85%EB%AC%B4%EC%B6%94%EC%A7%84%EB%B9%84+%EC%A7%91%ED%96%89%EB%82%B4%EC%97%AD+%EA%B3%B5%EA%B0%9C.xlsx,data/raw_attachments/202408_31745785_215901_2024년_8월_업무추진비_집행내역_공개.xlsx
31543935,2024년 7월 업무추진비 집행내역 공개_재수정.xlsx,216158,/sites/default/files/expense_new/202410/216158.xlsx,https://opengov.seoul.go.kr/og/com/download.php?nid=31543935&dtype=basic&rid=&fid=216158&uri=%2Fsites%2Fdefault%2Ffiles%2Fexpense_new%2F202410%2F216158.xlsx&dname=2024%EB%85%84+7%EC%9B%94+%EC%97%85%EB%AC%B4%EC%B6%94%EC%A7%84%EB%B9%84+%EC%A7%91%ED%96%89%EB%82%B4%EC%97%AD+%EA%B3%B5%EA%B0%9C_%EC%9E%AC%EC%88%98%EC%A0%95.xlsx,data/raw_attachments/202407_31543935_216158_2024년_7월_업무추진비_집행내역_공개_재수정.xlsx
31346326,2024년 6월 업무추진비 집행내역 공개.xlsx,213718,/sites/default/files/expense_new/202407/213718.xlsx,https://opengov.seoul.go.kr/og/com/download.php?nid=31346326&dtype=basic&rid=&fid=213718&uri=%2Fsites%2Fdefault%2Ffiles%2Fexpense_new%2F202407%2F213718.xlsx&dname=2024%EB%85%84+6%EC%9B%94+%EC%97%85%EB%AC%B4%EC%B6%94%EC%A7%84%EB%B9%84+%EC%A7%91%ED%96%89%EB%82%B4%EC%97%AD+%EA%B3%B5%EA%B0%9C.xlsx,data/raw_attachments/202406_31346326_213718_2024년_6월_업무추진비_집행내역_공개.xlsx
31114825,2024년 5월 업무추진비 집행내역 공개.xlsx,212683,/sites/default/files/expense_new/202406/212683.xlsx,https://opengov.seoul.go.kr/og/com/download.php?nid=31114825&dtype=basic&rid=&fid=212683&uri=%2Fsites%2Fdefault%2Ffiles%2Fexpense_new%2F202406%2F212683.xlsx&dname=2024%EB%85%84+5%EC%9B%94+%EC%97%85%EB%AC%B4%EC%B6%94%EC%A7%84%EB%B9%84+%EC%A7%91%ED%96%89%EB%82%B4%EC%97%AD+%EA%B3%B5%EA%B0%9C.xlsx,data/raw_attachments/202405_31114825_212683_2024년_5월_업무추진비_집행내역_공개.xlsx
30894235,2024년 4월 업무추진비 집행내역 공개.xlsx,211574,/sites/default/files/expense_new/202405/211574.xlsx,https://opengov.seoul.go.kr/og/com/download.php?nid=30894235&dtype=basic&rid=&fid=211574&uri=%2Fsites%2Fdefault%2Ffiles%2Fexpense_new%2F202405%2F211574.xlsx&dname=2024%EB%85%84+4%EC%9B%94+%EC%97%85%EB%AC%B4%EC%B6%94%EC%A7%84%EB%B9%84+%EC%A7%91%ED%96%89%EB%82%B4%EC%97%AD+%EA%B3%B5%EA%B0%9C.xlsx,data/raw_attachments/202404_30894235_211574_2024년_4월_업무추진비_집행내역_공개.xlsx
30715247,2024년 3월 업무추진비 집행내역 공개.xlsx,210844,/sites/default/files/expense_new/202404/210844.xlsx,https://opengov.seoul.go.kr/og/com/download.php?nid=30715247&dtype=basic&rid=&fid=210844&uri=%2Fsites%2Fdefault%2Ffiles%2Fexpense_new%2F202404%2F210844.xlsx&dname=2024%EB%85%84+3%EC%9B%94+%EC%97%85%EB%AC%B4%EC%B6%94%EC%A7%84%EB%B9%84+%EC%A7%91%ED%96%89%EB%82%B4%EC%97%AD+%EA%B3%B5%EA%B0%9C.xlsx,data/raw_attachments/202403_30715247_210844_2024년_3월_업무추진비_집행내역_공개.xlsx
30495113,2024년 2월 업무추진비 집행내역 공개.xlsx,210094,/sites/default/files/expense_new/202403/210094.xlsx,https://opengov.seoul.go.kr/og/com/download.php?nid=30495113&dtype=basic&rid=&fid=210094&uri=%2Fsites%2Fdefault%2Ffiles%2Fexpense_new%2F202403%2F210094.xlsx&dname=2024%EB%85%84+2%EC%9B%94+%EC%97%85%EB%AC%B4%EC%B6%94%EC%A7%84%EB%B9%84+%EC%A7%91%ED%96%89%EB%82%B4%EC%97%AD+%EA%B3%B5%EA%B0%9C.xlsx,data/raw_attachments/202402_30495113_210094_2024년_2월_업무추진비_집행내역_공개.xlsx
30311272,2024년 1월 업무추진비 집행내역 공개_수정.xlsx,209109,/sites/default/files/expense_new/202402/209109.xlsx,https://opengov.seoul.go.kr/og/com/download.php?nid=30311272&dtype=basic&rid=&fid=209109&uri=%2Fsites%2Fdefault%2Ffiles%2Fexpense_new%2F202402%2F209109.xlsx&dname=2024%EB%85%84+1%EC%9B%94+%EC%97%85%EB%AC%B4%EC%B6%94%EC%A7%84%EB%B9%84+%EC%A7%91%ED%96%89%EB%82%B4%EC%97%AD+%EA%B3%B5%EA%B0%9C_%EC%88%98%EC%A0%95.xlsx,data/raw_attachments/202401_30311272_209109_2024년_1월_업무추진비_집행내역_공개_수정.xlsx
30115407,★2023년 12월 업무추진비 집행내역 공개.xlsx,208104,/sites/default/files/expense_new/202401/208104.xlsx,https://opengov.seoul.go.kr/og/com/download.php?nid=30115407&dtype=basic&rid=&fid=208104&uri=%2Fsites%2Fdefault%2Ffiles%2Fexpense_new%2F202401%2F208104.xlsx&dname=%E2%98%852023%EB%85%84+12%EC%9B%94+%EC%97%85%EB%AC%B4%EC%B6%94%EC%A7%84%EB%B9%84+%EC%A7%91%ED%96%89%EB%82%B4%EC%97%AD+%EA%B3%B5%EA%B0%9C.xlsx,data/raw_attachments/202312_30115407_208104_★2023년_12월_업무추진비_집행내역_공개.xlsx
29881164,★2023년 11월 업무추진비 집행내역 공개_재수정.xlsx,207178,/sites/default/files/expense_new/202312/207178.xlsx,https://opengov.seoul.go.kr/og/com/download.php?nid=29881164&dtype=basic&rid=&fid=207178&uri=%2Fsites%2Fdefault%2Ffiles%2Fexpense_new%2F202312%2F207178.xlsx&dname=%E2%98%852023%EB%85%84+11%EC%9B%94+%EC%97%85%EB%AC%B4%EC%B6%94%EC%A7%84%EB%B9%84+%EC%A7%91%ED%96%89%EB%82%B4%EC%97%AD+%EA%B3%B5%EA%B0%9C_%EC%9E%AC%EC%88%98%EC%A0%95.xlsx,data/raw_attachments/202311_29881164_207178_★2023년_11월_업무추진비_집행내역_공개_재수정.xlsx
29656011,★2023년 10월 업무추진비 집행내역 공개_수정.xlsx,206339,/sites/default/files/expense_new/202311/206339.xlsx,https://opengov.seoul.go.kr/og/com/download.php?nid=29656011&dtype=basic&rid=&fid=206339&uri=%2Fsites%2Fdefault%2Ffiles%2Fexpense_new%2F202311%2F206339.xlsx&dname=%E2%98%852023%EB%85%84+10%EC%9B%94+%EC%97%85%EB%AC%B4%EC%B6%94%EC%A7%84%EB%B9%84+%EC%A7%91%ED%96%89%EB%82%B4%EC%97%AD+%EA%B3%B5%EA%B0%9C_%EC%88%98%EC%A0%95.xlsx,data/raw_attachments/202310_29656011_206339_★2023년_10월_업무추진비_집행내역_공개_수정.xlsx
29406064,★2023년 9월 업무추진비 집행내역 공개_재수정.xlsx,205379,/sites/default/files/expense_new/202310/205379.xlsx,https://opengov.seoul.go.kr/og/com/download.php?nid=29406064&dtype=basic&rid=&fid=205379&uri=%2Fsites%2Fdefault%2Ffiles%2Fexpense_new%2F202310%2F205379.xlsx&dname=%E2%98%852023%EB%85%84+9%EC%9B%94+%EC%97%85%EB%AC%B4%EC%B6%94%EC%A7%84%EB%B9%84+%EC%A7%91%ED%96%89%EB%82%B4%EC%97%AD+%EA%B3%B5%EA%B0%9C_%EC%9E%AC%EC%88%98%EC%A0%95.xlsx,data/raw_attachments/202309_29406064_205379_★2023년_9월_업무추진비_집행내역_공개_재수정.xlsx
29225005,★2023년 8월 업무추진비 집행내역 공개_최종.xlsx,204155,/sites/default/files/expense_new/202309/204155.xlsx,https://opengov.seoul.go.kr/og/com/download.php?nid=29225005&dtype=basic&rid=&fid=204155&uri=%2Fsites%2Fdefault%2Ffiles%2Fexpense_new%2F202309%2F204155.xlsx&dname=%E2%98%852023%EB%85%84+8%EC%9B%94+%EC%97%85%EB%AC%B4%EC%B6%94%EC%A7%84%EB%B9%84+%EC%A7%91%ED%96%89%EB%82%B4%EC%97%AD+%EA%B3%B5%EA%B0%9C_%EC%B5%9C%EC%A2%85.xlsx,data/raw_attachments/202308_29225005_204155_★2023년_8월_업무추진비_집행내역_공개_최종.xlsx
29038258,★2023년 7월 업무추진비 집행내역 공개.xlsx,203060,/sites/default/files/expense_new/202308/203060.xlsx,https://opengov.seoul.go.kr/og/com/download.php?nid=29038258&dtype=basic&rid=&fid=203060&uri=%2Fsites%2Fdefault%2Ffiles%2Fexpense_new%2F202308%2F203060.xlsx&dname=%E2%98%852023%EB%85%84+7%EC%9B%94+%EC%97%85%EB%AC%B4%EC%B6%94%EC%A7%84%EB%B9%84+%EC%A7%91%ED%96%89%EB%82%B4%EC%97%AD+%EA%B3%B5%EA%B0%9C.xlsx,data/raw_attachments/202307_29038258_203060_★2023년_7월_업무추진비_집행내역_공개.xlsx
28823288,★2023년 6월 업무추진비 집행내역 공개_최종.xlsx,202111,/sites/default/files/expense_new/202307/202111.xlsx,https://opengov.seoul.go.kr/og/com/download.php?nid=28823288&dtype=basic&rid=&fid=202111&uri=%2Fsites%2Fdefault%2Ffiles%2Fexpense_new%2F202307%2F202111.xlsx&dname=%E2%98%852023%EB%85%84+6%EC%9B%94+%EC%97%85%EB%AC%B4%EC%B6%94%EC%A7%84%EB%B9%84+%EC%A7%91%ED%96%89%EB%82%B4%EC%97%AD+%EA%B3%B5%EA%B0%9C_%EC%B5%9C%EC%A2%85.xlsx,data/raw_attachments/202306_28823288_202111_★2023년_6월_업무추진비_집행내역_공개_최종.xlsx
28620232,☆2023년 5월 업무추진비 집행내역 공개.xlsx,201255,/sites/default/files/expense_new/202306/201255.xlsx,https://opengov.seoul.go.kr/og/com/download.php?nid=28620232&dtype=basic&rid=&fid=201255&uri=%2Fsites%2Fdefault%2Ffiles%2Fexpense_new%2F202306%2F201255.xlsx&dname=%E2%98%862023%EB%85%84+5%EC%9B%94+%EC%97%85%EB%AC%B4%EC%B6%94%EC%A7%84%EB%B9%84+%EC%A7%91%ED%96%89%EB%82%B4%EC%97%AD+%EA%B3%B5%EA%B0%9C.xlsx,data/raw_attachments/202305_28620232_201255_☆2023년_5월_업무추진비_집행내역_공개.xlsx
28428673,2023년 4월 업무추진비 집행내역 공개.xlsx,200532,/sites/default/files/expense_new/202305/200532.xlsx,https://opengov.seoul.go.kr/og/com/download.php?nid=28428673&dtype=basic&rid=&fid=200532&uri=%2Fsites%2Fdefault%2Ffiles%2Fexpense_new%2F202305%2F200532.xlsx&dname=2023%EB%85%84+4%EC%9B%94+%EC%97%85%EB%AC%B4%EC%B6%94%EC%A7%84%EB%B9%84+%EC%A7%91%ED%96%89%EB%82%B4%EC%97%AD+%EA%B3%B5%EA%B0%9C.xlsx,data/raw_attachments/202304_28428673_200532_2023년_4월_업무추진비_집행내역_공개.xlsx
28221630,2023년 3월 업무추진비 집행내역 공개.xlsx,199591,/sites/default/files/expense_new/202304/199591.xlsx,https://opengov.seoul.go.kr/og/com/download.php?nid=28221630&dtype=basic&rid=&fid=199591&uri=%2Fsites%2Fdefault%2Ffiles%2Fexpense_new%2F202304%2F199591.xlsx&dname=2023%EB%85%84+3%EC%9B%94+%EC%97%85%EB%AC%B4%EC%B6%94%EC%A7%84%EB%B9%84+%EC%A7%91%ED%96%89%EB%82%B4%EC%97%AD+%EA%B3%B5%EA%B0%9C.xlsx,data/raw_attachments/202303_28221630_199591_2023년_3월_업무추진비_집행내역_공개.xlsx
28006263,2023년 2월 업무추진비 집행내역 공개.xlsx,198540,/sites/default/files/expense_new/202303/198540.xlsx,https://opengov.seoul.go.kr/og/com/download.php?nid=28006263&dtype=basic&rid=&fid=198540&uri=%2Fsites%2Fdefault%2Ffiles%2Fexpense_new%2F202303%2F198540.xlsx&dname=2023%EB%85%84+2%EC%9B%94+%EC%97%85%EB%AC%B4%EC%B6%94%EC%A7%84%EB%B9%84+%EC%A7%91%ED%96%89%EB%82%B4%EC%97%AD+%EA%B3%B5%EA%B0%9C.xlsx,data/raw_attachments/202302_28006263_198540_2023년_2월_업무추진비_집행내역_공개.xlsx
27822602,2023년 1월 업무추진비 집행내역 공개.xlsx,198579,/sites/default/files/expense_new/202303/198579.xlsx,https://opengov.seoul.go.kr/og/com/download.php?nid=27822602&dtype=basic&rid=&fid=198579&uri=%2Fsites%2Fdefault%2Ffiles%2Fexpense_new%2F202303%2F198579.xlsx&dname=2023%EB%85%84+1%EC%9B%94+%EC%97%85%EB%AC%B4%EC%B6%94%EC%A7%84%EB%B9%84+%EC%A7%91%ED%96%89%EB%82%B4%EC%97%AD+%EA%B3%B5%EA%B0%9C.xlsx,data/raw_attachments/202301_27822602_198579_2023년_1월_업무추진비_집행내역_공개.xlsx
27621905,2022.12월업무추진비집행내역공개.xlsx,196192,/sites/default/files/expense_new/202301/196192.xlsx,https://opengov.seoul.go.kr/og/com/download.php?nid=27621905&dtype=basic&rid=&fid=196192&uri=%2Fsites%2Fdefault%2Ffiles%2Fexpense_new%2F202301%2F196192.xlsx&dname=2022.12%EC%9B%94%EC%97%85%EB%AC%B4%EC%B6%94%EC%A7%84%EB%B9%84%EC%A7%91%ED%96%89%EB%82%B4%EC%97%AD%EA%B3%B5%EA%B0%9C.xlsx,data/raw_attachments/202212_27621905_196192_2022.12월업무추진비집행내역공개.xlsx
27398518,2022.11월업무추진비집행내역공개.xlsx,195495,/sites/default/files/expense_new/202212/195495.xlsx,https://opengov.seoul.go.kr/og/com/download.php?nid=27398518&dtype=basic&rid=&fid=195495&uri=%2Fsites%2Fdefault%2Ffiles%2Fexpense_new%2F202212%2F195495.xlsx&dname=2022.11%EC%9B%94%EC%97%85%EB%AC%B4%EC%B6%94%EC%A7%84%EB%B9%84%EC%A7%91%ED%96%89%EB%82%B4%EC%97%AD%EA%B3%B5%EA%B0%9C.xlsx,data/raw_attachments/202211_27398518_195495_2022.11월업무추진비집행내역공개.xlsx
27182598,2022.10월업무추진비집행내역공개.xlsx,194361,/sites/default/files/expense_new/202211/194361.xlsx,https://opengov.seoul.go.kr/og/com/download.php?nid=27182598&dtype=basic&rid=&fid=194361&uri=%2Fsites%2Fdefault%2Ffiles%2Fexpense_new%2F202211%2F194361.xlsx&dname=2022.10%EC%9B%94%EC%97%85%EB%AC%B4%EC%B6%94%EC%A7%84%EB%B9%84%EC%A7%91%ED%96%89%EB%82%B4%EC%97%AD%EA%B3%B5%EA%B0%9C.xlsx,data/raw_attachments/202210_27182598_194361_2022.10월업무추진비집행내역공개.xlsx
26961250,2022.9월업무추진비집행내역공개(1).xlsx,193175,/sites/default/files/expense_new/202210/193175.xlsx,https://opengov.seoul.go.kr/og/com/download.php?nid=26961250&dtype=basic&rid=&fid=193175&uri=%2Fsites%2Fdefault%2Ffiles%2Fexpense_new%2F202210%2F193175.xlsx&dname=2022.9%EC%9B%94%EC%97%85%EB%AC%B4%EC%B6%94%EC%A7%84%EB%B9%84%EC%A7%91%ED%96%89%EB%82%B4%EC%97%AD%EA%B3%B5%EA%B0%9C%281%29.xlsx,data/raw_attachments/202209_26961250_193175_2022.9월업무추진비집행내역공개(1).xlsx
26771000,2022.8월업무추진비집행내역공개(1).xlsx,193003,/sites/default/files/expense_new/202210/193003.xlsx,https://opengov.seoul.go.kr/og/com/download.php?nid=26771000&dtype=basic&rid=&fid=193003&uri=%2Fsites%2Fdefault%2Ffiles%2Fexpense_new%2F202210%2F193003.xlsx&dname=2022.8%EC%9B%94%EC%97%85%EB%AC%B4%EC%B6%94%EC%A7%84%EB%B9%84%EC%A7%91%ED%96%89%EB%82%B4%EC%97%AD%EA%B3%B5%EA%B0%9C%281%29.xlsx,data/raw_attachments/202208_26771000_193003_2022.8월업무추진비집행내역공개(1).xlsx
26569761,2022.7월업무추진비집행내역공개.xlsx,191364,/sites/default/files/expense_new/202208/191364.xlsx,https://opengov.seoul.go.kr/og/com/download.php?nid=26569761&dtype=basic&rid=&fid=191364&uri=%2Fsites%2Fdefault%2Ffiles%2Fexpense_new%2F202208%2F191364.xlsx&dname=2022.7%EC%9B%94%EC%97%85%EB%AC%B4%EC%B6%94%EC%A7%84%EB%B9%84%EC%A7%91%ED%96%89%EB%82%B4%EC%97%AD%EA%B3%B5%EA%B0%9C.xlsx,data/raw_attachments/202207_26569761_191364_2022.7월업무추진비집행내역공개.xlsx
26360314,2022.6월업무추진비집행내역공개.xlsx,190586,/sites/default/files/expense_new/202207/190586.xlsx,https://opengov.seoul.go.kr/og/com/download.php?nid=26360314&dtype=basic&rid=&fid=190586&uri=%2Fsites%2Fdefault%2Ffiles%2Fexpense_new%2F202207%2F190586.xlsx&dname=2022.6%EC%9B%94%EC%97%85%EB%AC%B4%EC%B6%94%EC%A7%84%EB%B9%84%EC%A7%91%ED%96%89%EB%82%B4%EC%97%AD%EA%B3%B5%EA%B0%9C.xlsx,data/raw_attachments/202206_26360314_190586_2022.6월업무추진비집행내역공개.xlsx
26151041,2022.5월업무추진비집행내역공개.xlsx,189385,/sites/default/files/expense_new/202206/189385.xlsx,https://opengov.seoul.go.kr/og/com/download.php?nid=26151041&dtype=basic&rid=&fid=189385&uri=%2Fsites%2Fdefault%2Ffiles%2Fexpense_new%2F202206%2F189385.xlsx&dname=2022.5%EC%9B%94%EC%97%85%EB%AC%B4%EC%B6%94%EC%A7%84%EB%B9%84%EC%A7%91%ED%96%89%EB%82%B4%EC%97%AD%EA%B3%B5%EA%B0%9C.xlsx,data/raw_attachments/202205_26151041_189385_2022.5월업무추진비집행내역공개.xlsx
25938317,2022.4월업무추진비집행내역공개.xlsx,188360,/sites/default/files/expense_new/202205/188360.xlsx,https://opengov.seoul.go.kr/og/com/download.php?nid=25938317&dtype=basic&rid=&fid=188360&uri=%2Fsites%2Fdefault%2Ffiles%2Fexpense_new%2F202205%2F188360.xlsx&dname=2022.4%EC%9B%94%EC%97%85%EB%AC%B4%EC%B6%94%EC%A7%84%EB%B9%84%EC%A7%91%ED%96%89%EB%82%B4%EC%97%AD%EA%B3%B5%EA%B0%9C.xlsx,data/raw_attachments/202204_25938317_188360_2022.4월업무추진비집행내역공개.xlsx
25741351,2022.3월업무추진비집행내역공개.xlsx,186839,/sites/default/files/expense_new/202204/186839.xlsx,https://opengov.seoul.go.kr/og/com/download.php?nid=25741351&dtype=basic&rid=&fid=186839&uri=%2Fsites%2Fdefault%2Ffiles%2Fexpense_new%2F202204%2F186839.xlsx&dname=2022.3%EC%9B%94%EC%97%85%EB%AC%B4%EC%B6%94%EC%A7%84%EB%B9%84%EC%A7%91%ED%96%89%EB%82%B4%EC%97%AD%EA%B3%B5%EA%B0%9C.xlsx,data/raw_attachments/202203_25741351_186839_2022.3월업무추진비집행내역공개.xlsx
25539560,2022.2월업무추진비집행내역공개.xlsx,185994,/sites/default/files/expense_new/202203/185994.xlsx,https://opengov.seoul.go.kr/og/com/download.php?nid=25539560&dtype=basic&rid=&fid=185994&uri=%2Fsites%2Fdefault%2Ffiles%2Fexpense_new%2F202203%2F185994.xlsx&dname=2022.2%EC%9B%94%EC%97%85%EB%AC%B4%EC%B6%94%EC%A7%84%EB%B9%84%EC%A7%91%ED%96%89%EB%82%B4%EC%97%AD%EA%B3%B5%EA%B0%9C.xlsx,data/raw_attachments/202202_25539560_185994_2022.2월업무추진비집행내역공개.xlsx
25356212,2022.1월업무추진비집행내역공개(1).xlsx,185037,/sites/default/files/expense_new/202202/185037.xlsx,https://opengov.seoul.go.kr/og/com/download.php?nid=25356212&dtype=basic&rid=&fid=185037&uri=%2Fsites%2Fdefault%2Ffiles%2Fexpense_new%2F202202%2F185037.xlsx&dname=2022.1%EC%9B%94%EC%97%85%EB%AC%B4%EC%B6%94%EC%A7%84%EB%B9%84%EC%A7%91%ED%96%89%EB%82%B4%EC%97%AD%EA%B3%B5%EA%B0%9C%281%29.xlsx,data/raw_attachments/202201_25356212_185037_2022.1월업무추진비집행내역공개(1).xlsx
25159958,2021.12월업무추진비집행내역공개(1).xlsx,183804,/sites/default/files/expense_new/202201/183804.xlsx,https://opengov.seoul.go.kr/og/com/download.php?nid=25159958&dtype=basic&rid=&fid=183804&uri=%2Fsites%2Fdefault%2Ffiles%2Fexpense_new%2F202201%2F183804.xlsx&dname=2021.12%EC%9B%94%EC%97%85%EB%AC%B4%EC%B6%94%EC%A7%84%EB%B9%84%EC%A7%91%ED%96%89%EB%82%B4%EC%97%AD%EA%B3%B5%EA%B0%9C%281%29.xlsx,data/raw_attachments/202112_25159958_183804_2021.12월업무추진비집행내역공개(1).xlsx
24932673,2021.11월업무추진비집행내역공개(2).xlsx,183161,/sites/default/files/expense_new/202201/183161.xlsx,https://opengov.seoul.go.kr/og/com/download.php?nid=24932673&dtype=basic&rid=&fid=183161&uri=%2Fsites%2Fdefault%2Ffiles%2Fexpense_new%2F202201%2F183161.xlsx&dname=2021.11%EC%9B%94%EC%97%85%EB%AC%B4%EC%B6%94%EC%A7%84%EB%B9%84%EC%A7%91%ED%96%89%EB%82%B4%EC%97%AD%EA%B3%B5%EA%B0%9C%282%29.xlsx,data/raw_attachments/202111_24932673_183161_2021.11월업무추진비집행내역공개(2).xlsx
24083620,2021.10월업무추진비집행내역공개.xlsx,118481,/sites/default/files/expense_new/202111/118481.xlsx,https://opengov.seoul.go.kr/og/com/download.php?nid=24083620&dtype=basic&rid=&fid=118481&uri=%2Fsites%2Fdefault%2Ffiles%2Fexpense_new%2F202111%2F118481.xlsx&dname=2021.10%EC%9B%94%EC%97%85%EB%AC%B4%EC%B6%94%EC%A7%84%EB%B9%84%EC%A7%91%ED%96%89%EB%82%B4%EC%97%AD%EA%B3%B5%EA%B0%9C.xlsx,data/raw_attachments/202110_24083620_118481_2021.10월업무추진비집행내역공개.xlsx
23865424,2021.9월업무추진비집행내역공개.xlsx,117519,/sites/default/files/expense_new/202110/117519.xlsx,https://opengov.seoul.go.kr/og/com/download.php?nid=23865424&dtype=basic&rid=&fid=117519&uri=%2Fsites%2Fdefault%2Ffiles%2Fexpense_new%2F202110%2F117519.xlsx&dname=2021.9%EC%9B%94%EC%97%85%EB%AC%B4%EC%B6%94%EC%A7%84%EB%B9%84%EC%A7%91%ED%96%89%EB%82%B4%EC%97%AD%EA%B3%B5%EA%B0%9C.xlsx,data/raw_attachments/202109_23865424_117519_2021.9월업무추진비집행내역공개.xlsx
23683285,2021.8월업무추진비집행내역공개.xlsx,116928,/sites/default/files/expense_new/202109/116928.xlsx,https://opengov.seoul.go.kr/og/com/download.php?nid=23683285&dtype=basic&rid=&fid=116928&uri=%2Fsites%2Fdefault%2Ffiles%2Fexpense_new%2F202109%2F116928.xlsx&dname=2021.8%EC%9B%94%EC%97%85%EB%AC%B4%EC%B6%94%EC%A7%84%EB%B9%84%EC%A7%91%ED%96%89%EB%82%B4%EC%97%AD%EA%B3%B5%EA%B0%9C.xlsx,data/raw_attachments/202108_23683285_116928_2021.8월업무추진비집행내역공개.xlsx
23497716,2021.7월업무추진비집행내역공개(시장님).xlsx,115952,/sites/default/files/expense_new/202108/115952.xlsx,https://opengov.seoul.go.kr/og/com/download.php?nid=23497716&dtype=basic&rid=&fid=115952&uri=%2Fsites%2Fdefault%2Ffiles%2Fexpense_new%2F202108%2F115952.xlsx&dname=2021.7%EC%9B%94%EC%97%85%EB%AC%B4%EC%B6%94%EC%A7%84%EB%B9%84%EC%A7%91%ED%96%89%EB%82%B4%EC%97%AD%EA%B3%B5%EA%B0%9C%28%EC%8B%9C%EC%9E%A5%EB%8B%98%29.xlsx,data/raw_attachments/202107_23497716_115952_2021.7월업무추진비집행내역공개(시장님).xlsx
23276464,2021.6월 업무추진비집행내역 공개 (시장실).xlsx,115083,/sites/default/files/expense_new/202107/115083.xlsx,https://opengov.seoul.go.kr/og/com/download.php?nid=23276464&dtype=basic&rid=&fid=115083&uri=%2Fsites%2Fdefault%2Ffiles%2Fexpense_new%2F202107%2F115083.xlsx&dname=2021.6%EC%9B%94+%EC%97%85%EB%AC%B4%EC%B6%94%EC%A7%84%EB%B9%84%EC%A7%91%ED%96%89%EB%82%B4%EC%97%AD+%EA%B3%B5%EA%B0%9C+%28%EC%8B%9C%EC%9E%A5%EC%8B%A4%29.xlsx,data/raw_attachments/202106_23276464_115083_2021.6월_업무추진비집행내역_공개_(시장실).xlsx
23077362,(수정업추비공개)2021년 5월_업무추진비_시장실.xlsx,188443,/sites/default/files/expense_new/202205/188443.xlsx,https://opengov.seoul.go.kr/og/com/download.php?nid=23077362&dtype=basic&rid=&fid=188443&uri=%2Fsites%2Fdefault%2Ffiles%2Fexpense_new%2F202205%2F188443.xlsx&dname=%28%EC%88%98%EC%A0%95%EC%97%85%EC%B6%94%EB%B9%84%EA%B3%B5%EA%B0%9C%292021%EB%85%84+5%EC%9B%94_%EC%97%85%EB%AC%B4%EC%B6%94%EC%A7%84%EB%B9%84_%EC%8B%9C%EC%9E%A5%EC%8B%A4.xlsx,data/raw_attachments/202105_23077362_188443_(수정업추비공개)2021년_5월_업무추진비_시장실.xlsx
22877548,★(업추비공개)2021년 4월_업무추진비_시장실.xlsx,115219,/sites/default/files/expense_new/202105/115219.xlsx,https://opengov.seoul.go.kr/og/com/download.php?nid=22877548&dtype=basic&rid=&fid=115219&uri=%2Fsites%2Fdefault%2Ffiles%2Fexpense_new%2F202105%2F115219.xlsx&dname=%E2%98%85%28%EC%97%85%EC%B6%94%EB%B9%84%EA%B3%B5%EA%B0%9C%292021%EB%85%84+4%EC%9B%94_%EC%97%85%EB%AC%B4%EC%B6%94%EC%A7%84%EB%B9%84_%EC%8B%9C%EC%9E%A5%EC%8B%A4.xlsx,data/raw_attachments/202104_22877548_115219_★(업추비공개)2021년_4월_업무추진비_시장실.xlsx
20954579,시장 2020년 7월 업무추진비 집행내역.xlsx,106435,/sites/default/files/expense_new/202008/106435.xlsx,https://opengov.seoul.go.kr/og/com/download.php?nid=20954579&dtype=basic&rid=&fid=106435&uri=%2Fsites%2Fdefault%2Ffiles%2Fexpense_new%2F202008%2F106435.xlsx&dname=%EC%8B%9C%EC%9E%A5+2020%EB%85%84+7%EC%9B%94+%EC%97%85%EB%AC%B4%EC%B6%94%EC%A7%84%EB%B9%84+%EC%A7%91%ED%96%89%EB%82%B4%EC%97%AD.xlsx,data/raw_attachments/202007_20954579_106435_시장_2020년_7월_업무추진비_집행내역.xlsx
20954577,시장_2020년_6월_업무추진비집행내역(업데이트).xlsx,106566,/sites/default/files/expense_new/202008/106566.xlsx,https://opengov.seoul.go.kr/og/com/download.php?nid=20954577&dtype=basic&rid=&fid=106566&uri=%2Fsites%2Fdefault%2Ffiles%2Fexpense_new%2F202008%2F106566.xlsx&dname=%EC%8B%9C%EC%9E%A5_2020%EB%85%84_6%EC%9B%94_%EC%97%85%EB%AC%B4%EC%B6%94%EC%A7%84%EB%B9%84%EC%A7%91%ED%96%89%EB%82%B4%EC%97%AD%28%EC%97%85%EB%8D%B0%EC%9D%B4%ED%8A%B8%29.xlsx,data/raw_attachments/202006_20954577_106566_시장_2020년_6월_업무추진비집행내역(업데이트).xlsx
20535977,시장_2020년_5월_업무추진비집행내역(업데이트).xlsx,106568,/sites/default/files/expense_new/202006/106568.xlsx,https://opengov.seoul.go.kr/og/com/download.php?nid=20535977&dtype=basic&rid=&fid=106568&uri=%2Fsites%2Fdefault%2Ffiles%2Fexpense_new%2F202006%2F106568.xlsx&dname=%EC%8B%9C%EC%9E%A5_2020%EB%85%84_5%EC%9B%94_%EC%97%85%EB%AC%B4%EC%B6%94%EC%A7%84%EB%B9%84%EC%A7%91%ED%96%89%EB%82%B4%EC%97%AD%28%EC%97%85%EB%8D%B0%EC%9D%B4%ED%8A%B8%29.xlsx,data/raw_attachments/202005_20535977_106568_시장_2020년_5월_업무추진비집행내역(업데이트).xlsx
20325866,시장_2020년_4월_업무추진비집행내역(업데이트).xlsx,106567,/sites/default/files/expense_new/202005/106567.xlsx,https://opengov.seoul.go.kr/og/com/download.php?nid=20325866&dtype=basic&rid=&fid=106567&uri=%2Fsites%2Fdefault%2Ffiles%2Fexpense_new%2F202005%2F106567.xlsx&dname=%EC%8B%9C%EC%9E%A5_2020%EB%85%84_4%EC%9B%94_%EC%97%85%EB%AC%B4%EC%B6%94%EC%A7%84%EB%B9%84%EC%A7%91%ED%96%89%EB%82%B4%EC%97%AD%28%EC%97%85%EB%8D%B0%EC%9D%B4%ED%8A%B8%29.xlsx,data/raw_attachments/202004_20325866_106567_시장_2020년_4월_업무추진비집행내역(업데이트).xlsx
20164351,★시장_2020년_3월_업무추진비 집행내역.xlsx,103825,/sites/default/files/expense_new/202004/103825.xlsx,https://opengov.seoul.go.kr/og/com/download.php?nid=20164351&dtype=basic&rid=&fid=103825&uri=%2Fsites%2Fdefault%2Ffiles%2Fexpense_new%2F202004%2F103825.xlsx&dname=%E2%98%85%EC%8B%9C%EC%9E%A5_2020%EB%85%84_3%EC%9B%94_%EC%97%85%EB%AC%B4%EC%B6%94%EC%A7%84%EB%B9%84+%EC%A7%91%ED%96%89%EB%82%B4%EC%97%AD.xlsx,data/raw_attachments/202003_20164351_103825_★시장_2020년_3월_업무추진비_집행내역.xlsx
19942581,★☆★시장_2020년_2월_업무추진비 집행내역.xlsx,104593,/sites/default/files/expense_new/202003/104593.xlsx,https://opengov.seoul.go.kr/og/com/download.php?nid=19942581&dtype=basic&rid=&fid=104593&uri=%2Fsites%2Fdefault%2Ffiles%2Fexpense_new%2F202003%2F104593.xlsx&dname=%E2%98%85%E2%98%86%E2%98%85%EC%8B%9C%EC%9E%A5_2020%EB%85%84_2%EC%9B%94_%EC%97%85%EB%AC%B4%EC%B6%94%EC%A7%84%EB%B9%84+%EC%A7%91%ED%96%89%EB%82%B4%EC%97%AD.xlsx,data/raw_attachments/202002_19942581_104593_★☆★시장_2020년_2월_업무추진비_집행내역.xlsx
19740744,★시장_2020년_1월_업무추진비_집행내역_v2.0.xlsx,102218,/sites/default/files/expense_new/202002/102218.xlsx,https://opengov.seoul.go.kr/og/com/download.php?nid=19740744&dtype=basic&rid=&fid=102218&uri=%2Fsites%2Fdefault%2Ffiles%2Fexpense_new%2F202002%2F102218.xlsx&dname=%E2%98%85%EC%8B%9C%EC%9E%A5_2020%EB%85%84_1%EC%9B%94_%EC%97%85%EB%AC%B4%EC%B6%94%EC%A7%84%EB%B9%84_%EC%A7%91%ED%96%89%EB%82%B4%EC%97%AD_v2.0.xlsx,data/raw_attachments/202001_19740744_102218_★시장_2020년_1월_업무추진비_집행내역_v2.0.xlsx
19550333,★시장_2019년_12월_업무추진비_집행내역_v2.4.xlsx,101214,/sites/default/files/expense_new/202001/101214.xlsx,https://opengov.seoul.go.kr/og/com/download.php?nid=19550333&dtype=basic&rid=&fid=101214&uri=%2Fsites%2Fdefault%2Ffiles%2Fexpense_new%2F202001%2F101214.xlsx&dname=%E2%98%85%EC%8B%9C%EC%9E%A5_2019%EB%85%84_12%EC%9B%94_%EC%97%85%EB%AC%B4%EC%B6%94%EC%A7%84%EB%B9%84_%EC%A7%91%ED%96%89%EB%82%B4%EC%97%AD_v2.4.xlsx,data/raw_attachments/201912_19550333_101214_★시장_2019년_12월_업무추진비_집행내역_v2.4.xlsx
19324383,★시장_2019년_11월_업무추진비_집행내역_v2.4.xlsx,100619,/sites/default/files/expense_new/201912/100619.xlsx,https://opengov.seoul.go.kr/og/com/download.php?nid=19324383&dtype=basic&rid=&fid=100619&uri=%2Fsites%2Fdefault%2Ffiles%2Fexpense_new%2F201912%2F100619.xlsx&dname=%E2%98%85%EC%8B%9C%EC%9E%A5_2019%EB%85%84_11%EC%9B%94_%EC%97%85%EB%AC%B4%EC%B6%94%EC%A7%84%EB%B9%84_%EC%A7%91%ED%96%89%EB%82%B4%EC%97%AD_v2.4.xlsx,data/raw_attachments/201911_19324383_100619_★시장_2019년_11월_업무추진비_집행내역_v2.4.xlsx
19083293,★시장_2019년_10월_업무추진비_집행내역_v2.4.xlsx,100017,/sites/default/files/expense_new/201911/100017.xlsx,https://opengov.seoul.go.kr/og/com/download.php?nid=19083293&dtype=basic&rid=&fid=100017&uri=%2Fsites%2Fdefault%2Ffiles%2Fexpense_new%2F201911%2F100017.xlsx&dname=%E2%98%85%EC%8B%9C%EC%9E%A5_2019%EB%85%84_10%EC%9B%94_%EC%97%85%EB%AC%B4%EC%B6%94%EC%A7%84%EB%B9%84_%EC%A7%91%ED%96%89%EB%82%B4%EC%97%AD_v2.4.xlsx,data/raw_attachments/201910_19083293_100017_★시장_2019년_10월_업무추진비_집행내역_v2.4.xlsx
18861121,★시장_2019년_9월_업무추진비_집행내역_v2.4.xlsx,99257,/sites/default/files/expense_new/201910/99257.xlsx,https://opengov.seoul.go.kr/og/com/download.php?nid=18861121&dtype=basic&rid=&fid=99257&uri=%2Fsites%2Fdefault%2Ffiles%2Fexpense_new%2F201910%2F99257.xlsx&dname=%E2%98%85%EC%8B%9C%EC%9E%A5_2019%EB%85%84_9%EC%9B%94_%EC%97%85%EB%AC%B4%EC%B6%94%EC%A7%84%EB%B9%84_%EC%A7%91%ED%96%89%EB%82%B4%EC%97%AD_v2.4.xlsx,data/raw_attachments/201909_18861121_99257_★시장_2019년_9월_업무추진비_집행내역_v2.4.xlsx
18644380,★시장_2019년_8월_업무추진비_집행내역_v2.4.xlsx,98562,/sites/default/files/expense_new/201909/98562.xlsx,https://opengov.seoul.go.kr/og/com/download.php?nid=18644380&dtype=basic&rid=&fid=98562&uri=%2Fsites%2Fdefault%2Ffiles%2Fexpense_new%2F201909%2F98562.xlsx&dname=%E2%98%85%EC%8B%9C%EC%9E%A5_2019%EB%85%84_8%EC%9B%94_%EC%97%85%EB%AC%B4%EC%B6%94%EC%A7%84%EB%B9%84_%EC%A7%91%ED%96%89%EB%82%B4%EC%97%AD_v2.4.xlsx,data/raw_attachments/201908_18644380_98562_★시장_2019년_8월_업무추진비_집행내역_v2.4.xlsx
18437087,★시장_2019년_7월_업무추진비_집행내역_v2.4.xlsx,97839,/sites/default/files/expense_new/201908/97839.xlsx,https://opengov.seoul.go.kr/og/com/download.php?nid=18437087&dtype=basic&rid=&fid=97839&uri=%2Fsites%2Fdefault%2Ffiles%2Fexpense_new%2F201908%2F97839.xlsx&dname=%E2%98%85%EC%8B%9C%EC%9E%A5_2019%EB%85%84_7%EC%9B%94_%EC%97%85%EB%AC%B4%EC%B6%94%EC%A7%84%EB%B9%84_%EC%A7%91%ED%96%89%EB%82%B4%EC%97%AD_v2.4.xlsx,data/raw_attachments/201907_18437087_97839_★시장_2019년_7월_업무추진비_집행내역_v2.4.xlsx
18209377,★시장_2019년_6월_업무추진비_집행내역_v2.4.xlsx,97064,/sites/default/files/expense_new/201907/97064.xlsx,https://opengov.seoul.go.kr/og/com/download.php?nid=18209377&dtype=basic&rid=&fid=97064&uri=%2Fsites%2Fdefault%2Ffiles%2Fexpense_new%2F201907%2F97064.xlsx&dname=%E2%98%85%EC%8B%9C%EC%9E%A5_2019%EB%85%84_6%EC%9B%94_%EC%97%85%EB%AC%B4%EC%B6%94%EC%A7%84%EB%B9%84_%EC%A7%91%ED%96%89%EB%82%B4%EC%97%AD_v2.4.xlsx,data/raw_attachments/201906_18209377_97064_★시장_2019년_6월_업무추진비_집행내역_v2.4.xlsx
18209356,★☆시장_2019년_5월_업무추진비_집행내역_v2.4.xlsx,97034,/sites/default/files/expense_new/201907/97034.xlsx,https://opengov.seoul.go.kr/og/com/download.php?nid=18209356&dtype=basic&rid=&fid=97034&uri=%2Fsites%2Fdefault%2Ffiles%2Fexpense_new%2F201907%2F97034.xlsx&dname=%E2%98%85%E2%98%86%EC%8B%9C%EC%9E%A5_2019%EB%85%84_5%EC%9B%94_%EC%97%85%EB%AC%B4%EC%B6%94%EC%A7%84%EB%B9%84_%EC%A7%91%ED%96%89%EB%82%B4%EC%97%AD_v2.4.xlsx,data/raw_attachments/201905_18209356_97034_★☆시장_2019년_5월_업무추진비_집행내역_v2.4.xlsx
18437086,★시장_2019년_4월_업무추진비_집행내역_v2.4.xlsx,97838,/sites/default/files/expense_new/201908/97838.xlsx,https://opengov.seoul.go.kr/og/com/download.php?nid=18437086&dtype=basic&rid=&fid=97838&uri=%2Fsites%2Fdefault%2Ffiles%2Fexpense_new%2F201908%2F97838.xlsx&dname=%E2%98%85%EC%8B%9C%EC%9E%A5_2019%EB%85%84_4%EC%9B%94_%EC%97%85%EB%AC%B4%EC%B6%94%EC%A7%84%EB%B9%84_%EC%A7%91%ED%96%89%EB%82%B4%EC%97%AD_v2.4.xlsx,data/raw_attachments/201904_18437086_97838_★시장_2019년_4월_업무추진비_집행내역_v2.4.xlsx
17759059,★☆시장_2019년_3월_업무추진비_집행내역_v2.3.xlsx,95347,/sites/default/files/expense_new/201905/95347.xlsx,https://opengov.seoul.go.kr/og/com/download.php?nid=17759059&dtype=basic&rid=&fid=95347&uri=%2Fsites%2Fdefault%2Ffiles%2Fexpense_new%2F201905%2F95347.xlsx&dname=%E2%98%85%E2%98%86%EC%8B%9C%EC%9E%A5_2019%EB%85%84_3%EC%9B%94_%EC%97%85%EB%AC%B4%EC%B6%94%EC%A7%84%EB%B9%84_%EC%A7%91%ED%96%89%EB%82%B4%EC%97%AD_v2.3.xlsx,data/raw_attachments/201903_17759059_95347_★☆시장_2019년_3월_업무추진비_집행내역_v2.3.xlsx
17400396,★☆시장_2019년_2월_업무추진비_집행내역_v2.2.xlsx,99441,/sites/default/files/expense_new/201903/99441.xlsx,https://opengov.seoul.go.kr/og/com/download.php?nid=17400396&dtype=basic&rid=&fid=99441&uri=%2Fsites%2Fdefault%2Ffiles%2Fexpense_new%2F201903%2F99441.xlsx&dname=%E2%98%85%E2%98%86%EC%8B%9C%EC%9E%A5_2019%EB%85%84_2%EC%9B%94_%EC%97%85%EB%AC%B4%EC%B6%94%EC%A7%84%EB%B9%84_%EC%A7%91%ED%96%89%EB%82%B4%EC%97%AD_v2.2.xlsx,data/raw_attachments/201902_17400396_99441_★☆시장_2019년_2월_업무추진비_집행내역_v2.2.xlsx
17770232,★☆★(최종)시장_2019년_1월_업무추진비_집행내역_v2.3.xlsx,95451,/sites/default/files/expense_new/201905/95451.xlsx,https://opengov.seoul.go.kr/og/com/download.php?nid=17770232&dtype=basic&rid=&fid=95451&uri=%2Fsites%2Fdefault%2Ffiles%2Fexpense_new%2F201905%2F95451.xlsx&dname=%E2%98%85%E2%98%86%E2%98%85%28%EC%B5%9C%EC%A2%85%29%EC%8B%9C%EC%9E%A5_2019%EB%85%84_1%EC%9B%94_%EC%97%85%EB%AC%B4%EC%B6%94%EC%A7%84%EB%B9%84_%EC%A7%91%ED%96%89%EB%82%B4%EC%97%AD_v2.3.xlsx,data/raw_attachments/201901_17770232_95451_★☆★(최종)시장_2019년_1월_업무추진비_집행내역_v2.3.xlsx
17877664,(최종본)★☆시장_2018년_12월_업무추진비_집행내역_v2.2.xlsx,95605,/sites/default/files/expense_new/201905/95605.xlsx,https://opengov.seoul.go.kr/og/com/download.php?nid=17877664&dtype=basic&rid=&fid=95605&uri=%2Fsites%2Fdefault%2Ffiles%2Fexpense_new%2F201905%2F95605.xlsx&dname=%28%EC%B5%9C%EC%A2%85%EB%B3%B8%29%E2%98%85%E2%98%86%EC%8B%9C%EC%9E%A5_2018%EB%85%84_12%EC%9B%94_%EC%97%85%EB%AC%B4%EC%B6%94%EC%A7%84%EB%B9%84_%EC%A7%91%ED%96%89%EB%82%B4%EC%97%AD_v2.2.xlsx,data/raw_attachments/201812_17877664_95605_(최종본)★☆시장_2018년_12월_업무추진비_집행내역_v2.2.xlsx
16703214,★시장_2018년_11월_업무추진비_집행내역_v2.2.xlsx,91493,/sites/default/files/expense_new/201812/91493.xlsx,https://opengov.seoul.go.kr/og/com/download.php?nid=16703214&dtype=basic&rid=&fid=91493&uri=%2Fsites%2Fdefault%2Ffiles%2Fexpense_new%2F201812%2F91493.xlsx&dname=%E2%98%85%EC%8B%9C%EC%9E%A5_2018%EB%85%84_11%EC%9B%94_%EC%97%85%EB%AC%B4%EC%B6%94%EC%A7%84%EB%B9%84_%EC%A7%91%ED%96%89%EB%82%B4%EC%97%AD_v2.2.xlsx,data/raw_attachments/201811_16703214_91493_★시장_2018년_11월_업무추진비_집행내역_v2.2.xlsx
16691764,★시장_2018년_10월_업무추진비_집행내역_v2.2.xlsx,91443,/sites/default/files/expense_new/201812/91443.xlsx,https://opengov.seoul.go.kr/og/com/download.php?nid=16691764&dtype=basic&rid=&fid=91443&uri=%2Fsites%2Fdefault%2Ffiles%2Fexpense_new%2F201812%2F91443.xlsx&dname=%E2%98%85%EC%8B%9C%EC%9E%A5_2018%EB%85%84_10%EC%9B%94_%EC%97%85%EB%AC%B4%EC%B6%94%EC%A7%84%EB%B9%84_%EC%A7%91%ED%96%89%EB%82%B4%EC%97%AD_v2.2.xlsx,data/raw_attachments/201810_16691764_91443_★시장_2018년_10월_업무추진비_집행내역_v2.2.xlsx
16691765,★시장_2018년_9월_업무추진비_집행내역_v2.2.xlsx,91444,/sites/default/files/expense_new/201812/91444.xlsx,https://opengov.seoul.go.kr/og/com/download.php?nid=16691765&dtype=basic&rid=&fid=91444&uri=%2Fsites%2Fdefault%2Ffiles%2Fexpense_new%2F201812%2F91444.xlsx&dname=%E2%98%85%EC%8B%9C%EC%9E%A5_2018%EB%85%84_9%EC%9B%94_%EC%97%85%EB%AC%B4%EC%B6%94%EC%A7%84%EB%B9%84_%EC%A7%91%ED%96%89%EB%82%B4%EC%97%AD_v2.2.xlsx,data/raw_attachments/201809_16691765_91444_★시장_2018년_9월_업무추진비_집행내역_v2.2.xlsx
16083831,★시장_2018년_8월_업무추진비_집행내역_v2.2.xlsx,89767,/sites/default/files/expense_new/201809/89767.xlsx,https://opengov.seoul.go.kr/og/com/download.php?nid=16083831&dtype=basic&rid=&fid=89767&uri=%2Fsites%2Fdefault%2Ffiles%2Fexpense_new%2F201809%2F89767.xlsx&dname=%E2%98%85%EC%8B%9C%EC%9E%A5_2018%EB%85%84_8%EC%9B%94_%EC%97%85%EB%AC%B4%EC%B6%94%EC%A7%84%EB%B9%84_%EC%A7%91%ED%96%89%EB%82%B4%EC%97%AD_v2.2.xlsx,data/raw_attachments/201808_16083831_89767_★시장_2018년_8월_업무추진비_집행내역_v2.2.xlsx
15882276,★★시장_2018년_7월_업무추진비_집행내역_v2.2(1).xlsx,98586,/sites/default/files/expense_new/201808/98586.xlsx,https://opengov.seoul.go.kr/og/com/download.php?nid=15882276&dtype=basic&rid=&fid=98586&uri=%2Fsites%2Fdefault%2Ffiles%2Fexpense_new%2F201808%2F98586.xlsx&dname=%E2%98%85%E2%98%85%EC%8B%9C%EC%9E%A5_2018%EB%85%84_7%EC%9B%94_%EC%97%85%EB%AC%B4%EC%B6%94%EC%A7%84%EB%B9%84_%EC%A7%91%ED%96%89%EB%82%B4%EC%97%AD_v2.2%281%29.xlsx,data/raw_attachments/201807_15882276_98586_★★시장_2018년_7월_업무추진비_집행내역_v2.2(1).xlsx
15765723,★★시장_2018년_6월_업무추진비_집행내역_v2.2(1).xlsx,88506,/sites/default/files/expense_new/201807/88506.xlsx,https://opengov.seoul.go.kr/og/com/download.php?nid=15765723&dtype=basic&rid=&fid=88506&uri=%2Fsites%2Fdefault%2Ffiles%2Fexpense_new%2F201807%2F88506.xlsx&dname=%E2%98%85%E2%98%85%EC%8B%9C%EC%9E%A5_2018%EB%85%84_6%EC%9B%94_%EC%97%85%EB%AC%B4%EC%B6%94%EC%A7%84%EB%B9%84_%EC%A7%91%ED%96%89%EB%82%B4%EC%97%AD_v2.2%281%29.xlsx,data/raw_attachments/201806_15765723_88506_★★시장_2018년_6월_업무추진비_집행내역_v2.2(1).xlsx
15446705,★★시장_2018년_5월_업무추진비_집행내역_v2.2(1).xlsx,98585,/sites/default/files/expense_new/201806/98585.xlsx,https://opengov.seoul.go.kr/og/com/download.php?nid=15446705&dtype=basic&rid=&fid=98585&uri=%2Fsites%2Fdefault%2Ffiles%2Fexpense_new%2F201806%2F98585.xlsx&dname=%E2%98%85%E2%98%85%EC%8B%9C%EC%9E%A5_2018%EB%85%84_5%EC%9B%94_%EC%97%85%EB%AC%B4%EC%B6%94%EC%A7%84%EB%B9%84_%EC%A7%91%ED%96%89%EB%82%B4%EC%97%AD_v2.2%281%29.xlsx,data/raw_attachments/201805_15446705_98585_★★시장_2018년_5월_업무추진비_집행내역_v2.2(1).xlsx
15425798,★★시장_2018년_4월_업무추진비_집행내역_v2.2(1).xlsx,98584,/sites/default/files/expense_new/201806/98584.xlsx,https://opengov.seoul.go.kr/og/com/download.php?nid=15425798&dtype=basic&rid=&fid=98584&uri=%2Fsites%2Fdefault%2Ffiles%2Fexpense_new%2F201806%2F98584.xlsx&dname=%E2%98%85%E2%98%85%EC%8B%9C%EC%9E%A5_2018%EB%85%84_4%EC%9B%94_%EC%97%85%EB%AC%B4%EC%B6%94%EC%A7%84%EB%B9%84_%EC%A7%91%ED%96%89%EB%82%B4%EC%97%AD_v2.2%281%29.xlsx,data/raw_attachments/201804_15425798_98584_★★시장_2018년_4월_업무추진비_집행내역_v2.2(1).xlsx
15135974,★★시장_2018년_3월_업무추진비_집행내역_v2.2.xlsx,98583,/sites/default/files/expense_new/201804/98583.xlsx,https://opengov.seoul.go.kr/og/com/download.php?nid=15135974&dtype=basic&rid=&fid=98583&uri=%2Fsites%2Fdefault%2Ffiles%2Fexpense_new%2F201804%2F98583.xlsx&dname=%E2%98%85%E2%98%85%EC%8B%9C%EC%9E%A5_2018%EB%85%84_3%EC%9B%94_%EC%97%85%EB%AC%B4%EC%B6%94%EC%A7%84%EB%B9%84_%EC%A7%91%ED%96%89%EB%82%B4%EC%97%AD_v2.2.xlsx,data/raw_attachments/201803_15135974_98583_★★시장_2018년_3월_업무추진비_집행내역_v2.2.xlsx
15645696,★시장_2018년_2월_업무추진비_집행내역_v2.2.xlsx,98582,/sites/default/files/expense_new/201807/98582.xlsx,https://opengov.seoul.go.kr/og/com/download.php?nid=15645696&dtype=basic&rid=&fid=98582&uri=%2Fsites%2Fdefault%2Ffiles%2Fexpense_new%2F201807%2F98582.xlsx&dname=%E2%98%85%EC%8B%9C%EC%9E%A5_2018%EB%85%84_2%EC%9B%94_%EC%97%85%EB%AC%B4%EC%B6%94%EC%A7%84%EB%B9%84_%EC%A7%91%ED%96%89%EB%82%B4%EC%97%AD_v2.2.xlsx,data/raw_attachments/201802_15645696_98582_★시장_2018년_2월_업무추진비_집행내역_v2.2.xlsx
16259146,★시장_2018년_1월_업무추진비_집행내역_v2.2.xlsx,90217,/sites/default/files/expense_new/201810/90217.xlsx,https://opengov.seoul.go.kr/og/com/download.php?nid=16259146&dtype=basic&rid=&fid=90217&uri=%2Fsites%2Fdefault%2Ffiles%2Fexpense_new%2F201810%2F90217.xlsx&dname=%E2%98%85%EC%8B%9C%EC%9E%A5_2018%EB%85%84_1%EC%9B%94_%EC%97%85%EB%AC%B4%EC%B6%94%EC%A7%84%EB%B9%84_%EC%A7%91%ED%96%89%EB%82%B4%EC%97%AD_v2.2.xlsx,data/raw_attachments/201801_16259146_90217_★시장_2018년_1월_업무추진비_집행내역_v2.2.xlsx
14564930,2017년12월공표.xlsx,84536,/sites/default/files/expense_new/201802/84536.xlsx,https://opengov.seoul.go.kr/og/com/download.php?nid=14564930&dtype=basic&rid=&fid=84536&uri=%2Fsites%2Fdefault%2Ffiles%2Fexpense_new%2F201802%2F84536.xlsx&dname=2017%EB%85%8412%EC%9B%94%EA%B3%B5%ED%91%9C.xlsx,data/raw_attachments/201712_14564930_84536_2017년12월공표.xlsx
14159092,2017년11월서울특별시장업무추진비집행내역공표.xlsx,83349,/sites/default/files/expense_new/201712/83349.xlsx,https://opengov.seoul.go.kr/og/com/download.php?nid=14159092&dtype=basic&rid=&fid=83349&uri=%2Fsites%2Fdefault%2Ffiles%2Fexpense_new%2F201712%2F83349.xlsx&dname=2017%EB%85%8411%EC%9B%94%EC%84%9C%EC%9A%B8%ED%8A%B9%EB%B3%84%EC%8B%9C%EC%9E%A5%EC%97%85%EB%AC%B4%EC%B6%94%EC%A7%84%EB%B9%84%EC%A7%91%ED%96%89%EB%82%B4%EC%97%AD%EA%B3%B5%ED%91%9C.xlsx,data/raw_attachments/201711_14159092_83349_2017년11월서울특별시장업무추진비집행내역공표.xlsx
14004691,2017년10월서울특별시장업무추진비집행내역공표.xlsx,83348,/sites/default/files/expense_new/201711/83348.xlsx,https://opengov.seoul.go.kr/og/com/download.php?nid=14004691&dtype=basic&rid=&fid=83348&uri=%2Fsites%2Fdefault%2Ffiles%2Fexpense_new%2F201711%2F83348.xlsx&dname=2017%EB%85%8410%EC%9B%94%EC%84%9C%EC%9A%B8%ED%8A%B9%EB%B3%84%EC%8B%9C%EC%9E%A5%EC%97%85%EB%AC%B4%EC%B6%94%EC%A7%84%EB%B9%84%EC%A7%91%ED%96%89%EB%82%B4%EC%97%AD%EA%B3%B5%ED%91%9C.xlsx,data/raw_attachments/201710_14004691_83348_2017년10월서울특별시장업무추진비집행내역공표.xlsx
13910414,2017년9월서울특별시장업무추진비집행내역공표.xlsx,83347,/sites/default/files/expense_new/201711/83347.xlsx,https://opengov.seoul.go.kr/og/com/download.php?nid=13910414&dtype=basic&rid=&fid=83347&uri=%2Fsites%2Fdefault%2Ffiles%2Fexpense_new%2F201711%2F83347.xlsx&dname=2017%EB%85%849%EC%9B%94%EC%84%9C%EC%9A%B8%ED%8A%B9%EB%B3%84%EC%8B%9C%EC%9E%A5%EC%97%85%EB%AC%B4%EC%B6%94%EC%A7%84%EB%B9%84%EC%A7%91%ED%96%89%EB%82%B4%EC%97%AD%EA%B3%B5%ED%91%9C.xlsx,data/raw_attachments/201709_13910414_83347_2017년9월서울특별시장업무추진비집행내역공표.xlsx
13065116,2017년7월서울특별시장업무추진비집행내역공표.xlsx,80528,/sites/default/files/expense_new/201708/80528.xlsx,https://opengov.seoul.go.kr/og/com/download.php?nid=13065116&dtype=basic&rid=&fid=80528&uri=%2Fsites%2Fdefault%2Ffiles%2Fexpense_new%2F201708%2F80528.xlsx&dname=2017%EB%85%847%EC%9B%94%EC%84%9C%EC%9A%B8%ED%8A%B9%EB%B3%84%EC%8B%9C%EC%9E%A5%EC%97%85%EB%AC%B4%EC%B6%94%EC%A7%84%EB%B9%84%EC%A7%91%ED%96%89%EB%82%B4%EC%97%AD%EA%B3%B5%ED%91%9C.xlsx,data/raw_attachments/201707_13065116_80528_2017년7월서울특별시장업무추진비집행내역공표.xlsx
12650218,2017년 6월 서울특별시장 업무추진비 집행내역 공표.xlsx,79630,/sites/default/files/expense_new/201707/79630.xlsx,https://opengov.seoul.go.kr/og/com/download.php?nid=12650218&dtype=basic&rid=&fid=79630&uri=%2Fsites%2Fdefault%2Ffiles%2Fexpense_new%2F201707%2F79630.xlsx&dname=2017%EB%85%84+6%EC%9B%94+%EC%84%9C%EC%9A%B8%ED%8A%B9%EB%B3%84%EC%8B%9C%EC%9E%A5+%EC%97%85%EB%AC%B4%EC%B6%94%EC%A7%84%EB%B9%84+%EC%A7%91%ED%96%89%EB%82%B4%EC%97%AD+%EA%B3%B5%ED%91%9C.xlsx,data/raw_attachments/201706_12650218_79630_2017년_6월_서울특별시장_업무추진비_집행내역_공표.xlsx
